repository_path,original_path,bytes,sha256
layouts/early/ergoLAY0/ergoLAY0.uk.ansi.txt,ergoLAY0.ua.ansi.txt,12253,dda83b296cbfc3f34e94cce1081762ffccbf7c03516d7c1a90e0fb121cd0c74d
layouts/early/ergoLAY0/ergoLAY0.png,ergoLAY0.ua.ansi.png,34937,3031ad3d4ae2ab72080c0f7e2769bf6bef1dbdcb8379912bed2981aa59e2ceea
layouts/early/ergoLAY2/ergoLAY2.uk.ansi.txt,ergoLAY2.ua.ansi.txt,12254,05ab3046939f8fcf5d70533f24b6af0903c07cac1129495bf59f75776f54f37f
layouts/early/ergoLAY2/ergoLAY2.png,ergoLAY2.ua.ansi.png,34963,6e0210f592969220d90bfa5393d5155bcbbeadb8680434c2e4c2e7418a0085a3
layouts/early/ergoLAY3/ergoLAY3.uk.ansi.txt,ergoLAY3.ua.ansi.txt,12339,4b8263d95b2cf57db0f228fc3a4748327fc6beccdbaf57e05cf9271e37d0409c
layouts/early/ergoLAY3/ergoLAY3.png,ergoLAY3.ua.ansi.png,35217,9bec0f3f5eeace09543f3e7fda8b2ea556ed648f7a595652c396c19a8df1505e
layouts/early/ergoLAY4/ergoLAY4.uk.ansi.txt,ergoLAY4.ua.ansi.txt,12343,73f125a4194b4287fb57fabc1347e5ab1f37097f224bf24d98118854789901af
layouts/early/ergoLAY4/ergoLAY4.png,ergoLAY4.ua.ansi.png,35428,6d0905d4d4e98e310d93a973e7966bec32f9220a63b774375a190f5b761860f9
layouts/early/ergoLAY5/ergoLAY5.uk.ansi.txt,ergoLAY5.ua.ansi.txt,12343,dedae8a191faaaf44a873d69f16c65cbc1fcc9387ba0a3705901ae9135d78fc1
layouts/early/ergoLAY5/ergoLAY5.png,ergoLAY5.ua.ansi.png,35652,ca0d20c9dee4a5c0d9e83ffbb8777afedc3d88b7343a5fa2ab610c3fbfa55231
layouts/early/ergoLAY6/ergoLAY6.uk.ansi.txt,ergoLAY6.ua.ansi.txt,12343,0938ff02cf8090f52925d264acc26e0e2f611fd5afacc5bda14b1d174240c30b
layouts/early/ergoLAY6/ergoLAY6.png,ergoLAY6.ua.ansi.png,35641,fbf58b04138b625199589c7bc8977e099ae1f33190ff15ee432fc8c3b0bdcea9
layouts/early/ergoLAY7/ergoLAY7.uk.ansi.txt,ergoLAY7.ua.ansi.txt,12345,1eded988df2f06e39a0b202e92df980168632809bff02bb9e4e531c150808bf1
layouts/early/ergoLAY7/ergoLAY7.png,ergoLAY7.ua.ansi.png,36116,0c27ab38e5e38c85b4a07a110d5016716219c5e9f8a317e34a3a45210236b092
layouts/early/ergoLAY8/ergoLAY8.uk.ansi.txt,ergoLAY8.ua.ansi.txt,12352,c02927208f530b11a124b0a1be10fc75e089e9b68b59ea9c0386eccf4526ba54
layouts/early/ergoLAY8/ergoLAY8.png,ergoLAY8.ua.ansi.png,38060,054753f373893aab32fa86c7caa6cf3ed98d4beb8e36c6978bb6e3b47287c420
layouts/gephi/ergoLAY1g0/ergoLAY1g0.uk.ansi.txt,ergoLAY1g0.ua.ansi.txt,12353,eae7638c5655f154dd52ec80fe223d65f7602194eaf6eaa7c2540347d8022d4e
layouts/gephi/ergoLAY1g0/ergoLAY1g0.png,ergoLAY1g0.ua.ansi.png,70682,b96976488010957a22ee27b1d33b5aba4348ba0026507c4eb1951e56497e68ec
layouts/gephi/ergoLAY1g0/ergoLAY1g0.klc,_prj_ergoLAY1g0.klc,13588,5a728827cd0eb87615c22126d282621e2601d16020fcb1b8a9ce4d786cce35d6
installers/ergoLAY1g0-windows.zip,setup  ergoLAY1g.zip,260971,50b3b73165ffef2b227354d59e174b6b372706e31ade56944c31b4debd9c5d42
layouts/gephi/ergoLAY1g1/ergoLAY1g1.uk.ansi.txt,ergoLAY1g1.ua.ansi.txt,12354,63fdc9d08f431aeb67577350e1885cf01f12e1b50e732ea2644603ddf9a43e5f
layouts/gephi/ergoLAY1g1/ergoLAY1g1.png,ergoLAY1g1.ua.ansi.png,30901,07e2b28a7980e6bf12cf53534300c9b06c2a40a55be865c40a3e2a7155065986
layouts/gephi/ergoLAY1g1/ergoLAY1g1.klc,_prj_ergoLAY1g1.klc,13590,ad5aeb01a31f3536f9d8452924bc9c44fe8b7b2712e46a24140f9e757b18e2d6
installers/ergoLAY1g1-windows.zip,setup ergoLAY1g1.zip,261023,4da36f070a058dd87173c82cf729a5affa316594c32616eb1257794c333741f6
layouts/gephi/ergoLAY1g2/ergoLAY1g2.uk.ansi.txt,ergoLAY1g2.ua.ans.txt,12356,5fa0e6bcd3ba209e20ed37d3705ac379d9df389b8b99757f15def63554959957
layouts/gephi/ergoLAY1g2/ergoLAY1g2.png,ergoLAY1g2.ua.ansi.png,37877,c12270442b5bc6992939d628b780a2980e157c29e977a8cc95f21d8fe2cdd1a3
layouts/gephi/ergoLAY1g3/ergoLAY1g3.uk.ansi.txt,ergoLAY1g3.ua.ans.txt,12358,08e082d8d6f6b3a7f12595fb1a34190219e7dcffcedc75a34ab5986bbb100dc2
layouts/gephi/ergoLAY1g3/ergoLAY1g3.png,ergoLAY1g3.ua.ansi.png,38638,ab62a56d800720b383da7904d06990a98dd36a4afa6aabcbaadfc327c52cb709
layouts/gephi/ergoLAY1g4/ergoLAY1g4.uk.ansi.txt,Окреме виправлене вкладення автора: ergoLAY1g4.ua.ansi.txt,12368,1523e5126bf39011da6ae1231afc68df0cf96252e32ccaf6f8f01e5aa1555b13
layouts/gephi/ergoLAY1g4/ergoLAY1g4.png,ergoLAY1g4.ua.ansi.png,39542,533de8350747d595a79b2e5ed0721e24e0e01005708905f3194bef6c2f3efcf7
layouts/gephi/ergoLAY1g4/ergoLAY1g4.klc,_prj_ergoLAY1g4.klc,14284,3b1d4ba6639a7b5cdee7bb8bd98e936d91b0170cf7158fb9d786c6a9f637a897
installers/ergoLAY1g4-windows.zip,setup leus1g4.zip,261169,746af58d73c360ac34177eadc4682bbd8516d8d11a03d7133e373a490143624a
layouts/ai/ergoLAY1a0/ergoLAY1a0.uk.ansi.txt,ergoLAY-this-chat/01-layouts/0.1/ergoLAY-baseline-0.1-import.txt,12862,5f8422f9526ff9cfb776b0ed6f8ee11834ae5944bf36a11dc49f377b280f0a73
layouts/ai/ergoLAY1a0/ergoLAY1a0.png,LTergolay.uk.ansi.baseline-0.1.png,36676,b74d2fc21810b8fbeb9a4564658f98eedae3a5140635b5b336d4a1be78cc471e
layouts/ai/ergoLAY1a1/ergoLAY1a1.uk.ansi.txt,ergoLAY-this-chat/01-layouts/0.1/ergoLAY-minimal-0.1-import.txt,12874,b7a258b439d753450a2f3facf96d6f97e728c71a7839f9bb10955361f52c9cbf
layouts/ai/ergoLAY1a1/ergoLAY1a1.png,LTergolay.uk.ansi.minimal-0.1.png,36684,33c5341931a3e61add24fd07c3503bd70857d4c937b15c9fe78f934ed5b51aa4
layouts/ai/ergoLAY1a2/ergoLAY1a2.uk.ansi.txt,ergoLAY-this-chat/01-layouts/0.1/ergoLAY-prototype-0.1-import.txt,12850,9e899d93285b1c5d3862c51b832e43092e7642db36d37c577d081b677bd76996
layouts/ai/ergoLAY1a2/ergoLAY1a2.png,LTergolay.uk.ansi.prototype-0.1.png,36749,d72dd77dd882998951bd14036174004a4b033a4cec99406de00d20596d172d5a
layouts/ai/ergoLAY1a3/ergoLAY1a3.uk.ansi.txt,ergoLAY-chat-.zip → ergoLAY-this-chat/03-code-and-results/ergoLAY-0.3-reproducible.zip → model/input.json,13453,8c7b793a92295222d4a5b1e23092ef04cedd5ec0a278ac4cfb2a5775405e965d
layouts/ai/ergoLAY1a3/ergoLAY1a3.png,LTprototype-0.1.png,37275,ff8d21c0cc1603f94daefe96fdebbca6e699f690ef0e3c187e3795a0261ff037
layouts/ai/ergoLAY1a4/ergoLAY1a4.uk.ansi.txt,ergoLAY-this-chat/01-layouts/0.2/ergoLAY-0.2-minimal.txt,12891,43c57c76e802d1c83edec2fa73a9d0ccd3a1dce40b20ffc46f1552abf8d0e303
layouts/ai/ergoLAY1a5/ergoLAY1a5.uk.ansi.txt,ergoLAY-this-chat/01-layouts/0.2/ergoLAY-0.2-full.txt,12888,c2cf03facdf2e54b6bfb96b908dbe6bbc3cc43175ecffc8fea341a2a2f1c2e4d
layouts/ai/ergoLAY1a6/ergoLAY1a6.uk.ansi.txt,ergoLAY-this-chat/01-layouts/0.3/ergoLAY-0.3-altgr.txt,12883,fb0877950caccc4df144a5966f83b058a18d676a1d35676cf86977413235a76a
layouts/ai/ergoLAY1a6/ergoLAY1a6.png,LTprototype-0.3-altgr.png,37286,9dc9b125df77b5c1181e26a78a0f079031ab29fd4a0c9bd6aae97735d1a5729f
layouts/ai/ergoLAY1a7/ergoLAY1a7.uk.ansi.txt,ergoLAY-this-chat/01-layouts/0.3/ergoLAY-0.3-full.txt,12882,2900b1eac609f2c867d6c9ceedb23af0336977a2031fe91294c7aa2bc6bfe933
layouts/ai/ergoLAY1a7/ergoLAY1a7.png,LTprototype-0.3-full.png,37404,cf8d2137ef37acf0b065a619b36c428fbb214b2105594ce85cd958a036089627
layouts/reference/ytsuken/ytsuken.uk.ansi.txt,йцукен.укр.ansi.txt,12565,b2ec19b05a17d69bd0005047a4a78125173d0552e57f313f34c5cbbc9187c286
layouts/reference/ytsuken/ytsuken.png,йцукен.укр.ansi.png,34927,cf9878fe98c969b57f1f425a36d940926dc727b71b6497c2d7949c5c7f2f532b
data/test.text.txt,test.text.txt,81172,907d0b748b00a93120930d0e38e0c7769ed4fe3dac2f060a72dd6e23708149b6
data/test.text.modern.txt,test.text.modern.txt,19769,eed9cf2cf52a47b79f4d7f23c4348ffb79e4694d8b00780c127fb84dbd8b460d
data/test.text.2grams.short.csv,test.text.2grams.short.csv,22278,b4b4cf40eda26c1a65a134321b4342fe2afb95b85822f14bd1843902f41080a0
data/test.text.3grams.short.csv,test.text.3grams.short.csv,180150,f8aedd7bba71dfa96c779192d3aeba18116165ce8668cc545eaf34c6f4d394ca
archive/ergoLAY.md,ergoLAY.md,2703,c6f39cf718ad172db64b80fce37f62e797b87b0cdf00ec170c0ed3e790846cc3
